{
	"partitions" : [
		{
			"name" : "Top",
			"pins" : [
				{
					"name" : "din",
					"strict" : false
				},
				{
					"name" : "adc_sclk",
					"strict" : false
				},
				{
					"name" : "m1[1]",
					"strict" : false
				},
				{
					"name" : "m2[0]",
					"strict" : false
				},
				{
					"name" : "m2[1]",
					"strict" : false
				},
				{
					"name" : "clk",
					"strict" : false
				},
				{
					"name" : "dout",
					"strict" : false
				}
			]
		}
	]
}